normalized_section,final_intent,rows,section_total,intent_total,grand_total,row_share,global_share,is_unknown_section,section_label,log_odds_lift,lift_direction
abstract,background,522,1156,139823,229751,0.4515570934256055,0.6085849463114416,False,Abstract (N=1.2k),-0.6355783061226549,underrepresented
abstract,uses,182,1156,50191,229751,0.157439446366782,0.21845824392494484,False,Abstract (N=1.2k),-0.40050783708248683,underrepresented
abstract,compares_against,253,1156,27435,229751,0.21885813148788927,0.11941188504076151,False,Abstract (N=1.2k),0.7270832206431574,overrepresented
abstract,extends,131,1156,4763,229751,0.11332179930795848,0.02073113936392007,False,Abstract (N=1.2k),1.8011378717277786,overrepresented
abstract,critiques,45,1156,6402,229751,0.03892733564013841,0.02786494944526901,False,Abstract (N=1.2k),0.35629586261782453,overrepresented
abstract,applies,23,1156,1137,229751,0.019896193771626297,0.004948835913663053,False,Abstract (N=1.2k),1.4271392582800049,overrepresented
analysis,background,820,1547,139823,229751,0.5300581771170007,0.6085849463114416,False,Analysis (N=1.5k),-0.3210660913226805,underrepresented
analysis,uses,354,1547,50191,229751,0.22882999353587588,0.21845824392494484,False,Analysis (N=1.5k),0.06072940903588009,overrepresented
analysis,compares_against,273,1547,27435,229751,0.17647058823529413,0.11941188504076151,False,Analysis (N=1.5k),0.45898790569006853,overrepresented
analysis,extends,26,1547,4763,229751,0.01680672268907563,0.02073113936392007,False,Analysis (N=1.5k),-0.195240638722455,underrepresented
analysis,critiques,63,1547,6402,229751,0.04072398190045249,0.02786494944526901,False,Analysis (N=1.5k),0.4002558817600024,overrepresented
analysis,applies,11,1547,1137,229751,0.007110536522301228,0.004948835913663053,False,Analysis (N=1.5k),0.4082889608761402,overrepresented
background,background,2514,2975,139823,229751,0.8450420168067226,0.6085849463114416,False,Background (N=3.0k),1.253981198861934,overrepresented
background,uses,215,2975,50191,229751,0.07226890756302522,0.21845824392494484,False,Background (N=3.0k),-1.2755396833377142,underrepresented
background,compares_against,148,2975,27435,229751,0.049747899159663864,0.11941188504076151,False,Background (N=3.0k),-0.9485677421033183,underrepresented
background,extends,21,2975,4763,229751,0.007058823529411765,0.02073113936392007,False,Background (N=3.0k),-1.0679651780297177,underrepresented
background,critiques,76,2975,6402,229751,0.025546218487394957,0.02786494944526901,False,Background (N=3.0k),-0.08295357641883427,underrepresented
background,applies,1,2975,1137,229751,0.0003361344537815126,0.004948835913663053,False,Background (N=3.0k),-2.2891618214423204,underrepresented
conclusion,background,1829,2952,139823,229751,0.619579945799458,0.6085849463114416,False,Conclusion (N=3.0k),0.04622789002669908,overrepresented
conclusion,uses,218,2952,50191,229751,0.07384823848238482,0.21845824392494484,False,Conclusion (N=3.0k),-1.2522513594086,underrepresented
conclusion,compares_against,586,2952,27435,229751,0.19850948509485095,0.11941188504076151,False,Conclusion (N=3.0k),0.6030008263914304,overrepresented
conclusion,extends,219,2952,4763,229751,0.0741869918699187,0.02073113936392007,False,Conclusion (N=3.0k),1.3330807118025665,overrepresented
conclusion,critiques,77,2952,6402,229751,0.0260840108401084,0.02786494944526901,False,Conclusion (N=3.0k),-0.06165464472933646,underrepresented
conclusion,applies,23,2952,1137,229751,0.007791327913279133,0.004948835913663053,False,Conclusion (N=3.0k),0.47761768924274506,overrepresented
dataset,background,4699,13424,139823,229751,0.35004469606674615,0.6085849463114416,False,Dataset (N=13.4k),-1.0601596557657482,underrepresented
dataset,uses,7228,13424,50191,229751,0.5384386174016687,0.21845824392494484,False,Dataset (N=13.4k),1.4287134380861508,overrepresented
dataset,compares_against,1057,13424,27435,229751,0.07873957091775924,0.11941188504076151,False,Dataset (N=13.4k),-0.4611689245372277,underrepresented
dataset,extends,166,13424,4763,229751,0.012365911799761622,0.02073113936392007,False,Dataset (N=13.4k),-0.5223322281262193,underrepresented
dataset,critiques,185,13424,6402,229751,0.013781287246722288,0.02786494944526901,False,Dataset (N=13.4k),-0.7158559123147943,underrepresented
dataset,applies,89,13424,1137,229751,0.006629916567342074,0.004948835913663053,False,Dataset (N=13.4k),0.2992580011320163,overrepresented
discussion,background,1221,1919,139823,229751,0.6362688900468995,0.6085849463114416,False,Discussion (N=1.9k),0.11753370919360007,overrepresented
discussion,uses,83,1919,50191,229751,0.04325169359041167,0.21845824392494484,False,Discussion (N=1.9k),-1.8161037245603295,underrepresented
discussion,compares_against,465,1919,27435,229751,0.242313705054716,0.11941188504076151,False,Discussion (N=1.9k),0.8586901264260682,overrepresented
discussion,extends,36,1919,4763,229751,0.018759770713913496,0.02073113936392007,False,Discussion (N=1.9k),-0.08850816892125524,underrepresented
discussion,critiques,107,1919,6402,229751,0.055758207399687336,0.02786494944526901,False,Discussion (N=1.9k),0.7270777309040586,overrepresented
discussion,applies,7,1919,1137,229751,0.0036477331943720686,0.004948835913663053,False,Discussion (N=1.9k),-0.2380592380809503,underrepresented
error_analysis,background,105,179,139823,229751,0.5865921787709497,0.6085849463114416,False,Error Analysis (N=179),-0.09345417527657113,underrepresented
error_analysis,uses,27,179,50191,229751,0.15083798882681565,0.21845824392494484,False,Error Analysis (N=179),-0.4383120825323581,underrepresented
error_analysis,compares_against,35,179,27435,229751,0.19553072625698323,0.11941188504076151,False,Error Analysis (N=179),0.594248696573086,overrepresented
error_analysis,extends,5,179,4763,229751,0.027932960893854747,0.02073113936392007,False,Error Analysis (N=179),0.3978899482183378,overrepresented
error_analysis,critiques,6,179,6402,229751,0.0335195530726257,0.02786494944526901,False,Error Analysis (N=179),0.26767384757984836,overrepresented
error_analysis,applies,1,179,1137,229751,0.00558659217877095,0.004948835913663053,False,Error Analysis (N=179),0.5240808139659459,overrepresented
evaluation,background,3981,8471,139823,229751,0.46995632156770156,0.6085849463114416,False,Evaluation (N=8.5k),-0.5616714242206834,underrepresented
evaluation,uses,2929,8471,50191,229751,0.34576791405973323,0.21845824392494484,False,Evaluation (N=8.5k),0.6370526063369594,overrepresented
evaluation,compares_against,1215,8471,27435,229751,0.14343052768268208,0.11941188504076151,False,Evaluation (N=8.5k),0.21125340348996335,overrepresented
evaluation,extends,97,8471,4763,229751,0.01145083225121001,0.02073113936392007,False,Evaluation (N=8.5k),-0.5980276777923286,underrepresented
evaluation,critiques,212,8471,6402,229751,0.025026561208830126,0.02786494944526901,False,Evaluation (N=8.5k),-0.10812807356555298,underrepresented
evaluation,applies,37,8471,1137,229751,0.004367843229842993,0.004948835913663053,False,Evaluation (N=8.5k),-0.11254047634652586,underrepresented
experiment,background,3996,14069,139823,229751,0.2840287156158931,0.6085849463114416,False,Experiment (N=14.1k),-1.365855238097069,underrepresented
experiment,uses,7146,14069,50191,229751,0.5079252256734665,0.21845824392494484,False,Experiment (N=14.1k),1.306367813096984,overrepresented
experiment,compares_against,2526,14069,27435,229751,0.1795436775890255,0.11941188504076151,False,Experiment (N=14.1k),0.47870794540378725,overrepresented
experiment,extends,164,14069,4763,229751,0.011656834174426043,0.02073113936392007,False,Experiment (N=14.1k),-0.5820625564821458,underrepresented
experiment,critiques,139,14069,6402,229751,0.009879877745397683,0.02786494944526901,False,Experiment (N=14.1k),-1.051722088557581,underrepresented
experiment,applies,98,14069,1137,229751,0.006965669201791172,0.004948835913663053,False,Experiment (N=14.1k),0.34848603582655446,overrepresented
implementation,background,198,1273,139823,229751,0.15553809897879026,0.6085849463114416,False,Implementation (N=1.3k),-2.1311178513877183,underrepresented
implementation,uses,973,1273,50191,229751,0.7643362136684996,0.21845824392494484,False,Implementation (N=1.3k),2.4501165796795745,overrepresented
implementation,compares_against,71,1273,27435,229751,0.05577376276512176,0.11941188504076151,False,Implementation (N=1.3k),-0.8244650446357513,underrepresented
implementation,extends,16,1273,4763,229751,0.012568735271013355,0.02073113936392007,False,Implementation (N=1.3k),-0.4784539234449645,underrepresented
implementation,critiques,8,1273,6402,229751,0.006284367635506678,0.02786494944526901,False,Implementation (N=1.3k),-1.451107146423737,underrepresented
implementation,applies,7,1273,1137,229751,0.0054988216810683424,0.004948835913663053,False,Implementation (N=1.3k),0.17409485817801063,overrepresented
introduction,background,42082,53840,139823,229751,0.7816121842496285,0.6085849463114416,False,Introduction (N=53.8k),0.8336895911891716,overrepresented
introduction,uses,2515,53840,50191,229751,0.04671248142644874,0.21845824392494484,False,Introduction (N=53.8k),-1.741049604906935,underrepresented
introduction,compares_against,5522,53840,27435,229751,0.1025631500742942,0.11941188504076151,False,Introduction (N=53.8k),-0.1709883461420183,underrepresented
introduction,extends,875,53840,4763,229751,0.0162518573551263,0.02073113936392007,False,Introduction (N=53.8k),-0.24753428783409293,underrepresented
introduction,critiques,2645,53840,6402,229751,0.04912704309063893,0.02786494944526901,False,Introduction (N=53.8k),0.5892577158693655,overrepresented
introduction,applies,201,53840,1137,229751,0.003733283803863299,0.004948835913663053,False,Introduction (N=53.8k),-0.2810473274860179,underrepresented
method,background,2825,6348,139823,229751,0.44502205419029617,0.6085849463114416,False,Method (N=6.3k),-0.6621354765043577,underrepresented
method,uses,2190,6348,50191,229751,0.3449905482041588,0.21845824392494484,False,Method (N=6.3k),0.6336419047877935,overrepresented
method,compares_against,917,6348,27435,229751,0.14445494643982357,0.11941188504076151,False,Method (N=6.3k),0.2196774696991226,overrepresented
method,extends,237,6348,4763,229751,0.03733459357277883,0.02073113936392007,False,Method (N=6.3k),0.6073066998797731,overrepresented
method,critiques,119,6348,6402,229751,0.01874606175173283,0.02786494944526901,False,Method (N=6.3k),-0.4016857103021816,underrepresented
method,applies,60,6348,1137,229751,0.00945179584120983,0.004948835913663053,False,Method (N=6.3k),0.6593698246270607,overrepresented
model,background,5305,11257,139823,229751,0.47126232566403126,0.6085849463114416,False,Model (N=11.3k),-0.5564332838545514,underrepresented
model,uses,3859,11257,50191,229751,0.34280891889490983,0.21845824392494484,False,Model (N=11.3k),0.6239268732899022,overrepresented
model,compares_against,1446,11257,27435,229751,0.12845340676912143,0.11941188504076151,False,Model (N=11.3k),0.08358718599101556,overrepresented
model,extends,445,11257,4763,229751,0.03953095851470197,0.02073113936392007,False,Model (N=11.3k),0.665805693293124,overrepresented
model,critiques,142,11257,6402,229751,0.012614373278848717,0.02786494944526901,False,Model (N=11.3k),-0.8047045398681703,underrepresented
model,applies,60,11257,1137,229751,0.005330016878386782,0.004948835913663053,False,Model (N=11.3k),0.08240185403281597,overrepresented
related_work,background,39398,44772,139823,229751,0.8799696238720629,0.6085849463114416,False,Related Work (N=44.8k),1.5506961952750173,overrepresented
related_work,uses,791,44772,50191,229751,0.01766729205753596,0.21845824392494484,False,Related Work (N=44.8k),-2.7429279817754977,underrepresented
related_work,compares_against,2979,44772,27435,229751,0.0665371214151702,0.11941188504076151,False,Related Work (N=44.8k),-0.642989816197516,underrepresented
related_work,extends,519,44772,4763,229751,0.01159206647011525,0.02073113936392007,False,Related Work (N=44.8k),-0.589756335191669,underrepresented
related_work,critiques,1047,44772,6402,229751,0.02338515143393192,0.02786494944526901,False,Related Work (N=44.8k),-0.17947581306573346,underrepresented
related_work,applies,38,44772,1137,229751,0.0008487447511837756,0.004948835913663053,False,Related Work (N=44.8k),-1.7546377466172052,underrepresented
results,background,1819,5202,139823,229751,0.34967320261437906,0.6085849463114416,False,Results (N=5.2k),-1.0617149414272444,underrepresented
results,uses,827,5202,50191,229751,0.15897731641676277,0.21845824392494484,False,Results (N=5.2k),-0.3907004618820853,underrepresented
results,compares_against,2368,5202,27435,229751,0.45520953479430987,0.11941188504076151,False,Results (N=5.2k),1.8183867962436508,overrepresented
results,extends,65,5202,4763,229751,0.012495194156093811,0.02073113936392007,False,Results (N=5.2k),-0.5072051185408895,underrepresented
results,critiques,105,5202,6402,229751,0.020184544405997693,0.02786494944526901,False,Results (N=5.2k),-0.3257452794673181,underrepresented
results,applies,18,5202,1137,229751,0.0034602076124567475,0.004948835913663053,False,Results (N=5.2k),-0.332453644836578,underrepresented
system_description,background,264,813,139823,229751,0.3247232472324723,0.6085849463114416,False,System Description (N=813),-1.1725335253525007,underrepresented
system_description,uses,350,813,50191,229751,0.43050430504305043,0.21845824392494484,False,System Description (N=813),0.9952208303113175,overrepresented
system_description,compares_against,166,813,27435,229751,0.20418204182041821,0.11941188504076151,False,System Description (N=813),0.6398720234910085,overrepresented
system_description,extends,19,813,4763,229751,0.023370233702337023,0.02073113936392007,False,System Description (N=813),0.14776807721532492,overrepresented
system_description,critiques,5,813,6402,229751,0.006150061500615006,0.02786494944526901,False,System Description (N=813),-1.4383833167135651,underrepresented
system_description,applies,9,813,1137,229751,0.01107011070110701,0.004948835913663053,False,System Description (N=813),0.8642751392515331,overrepresented
task_definition,background,247,470,139823,229751,0.5255319148936171,0.6085849463114416,False,Task Definition (N=470),-0.339366834852057,underrepresented
task_definition,uses,164,470,50191,229751,0.34893617021276596,0.21845824392494484,False,Task Definition (N=470),0.6523593236717431,overrepresented
task_definition,compares_against,27,470,27435,229751,0.0574468085106383,0.11941188504076151,False,Task Definition (N=470),-0.7825162894329056,underrepresented
task_definition,extends,11,470,4763,229751,0.023404255319148935,0.02073113936392007,False,Task Definition (N=470),0.16727469119585736,overrepresented
task_definition,critiques,19,470,6402,229751,0.04042553191489362,0.02786494944526901,False,Task Definition (N=470),0.4098883627778318,overrepresented
task_definition,applies,2,470,1137,229751,0.00425531914893617,0.004948835913663053,False,Task Definition (N=470),0.06995893727315394,overrepresented
unknown,background,27998,59084,139823,229751,0.47386771376345543,0.6085849463114416,True,Unknown (N=59.1k),-0.5459887068378886,underrepresented
unknown,uses,20140,59084,50191,229751,0.3408706248730621,0.21845824392494484,True,Unknown (N=59.1k),0.6152616663703866,overrepresented
unknown,compares_against,7381,59084,27435,229751,0.12492383724866292,0.11941188504076151,True,Unknown (N=59.1k),0.05144690015406117,overrepresented
unknown,extends,1711,59084,4763,229751,0.02895877056394286,0.02073113936392007,True,Unknown (N=59.1k),0.34285425236239275,overrepresented
unknown,critiques,1402,59084,6402,229751,0.023728928305463408,0.02786494944526901,True,Unknown (N=59.1k),-0.16464820613729625,underrepresented
unknown,applies,452,59084,1137,229751,0.00765012524541331,0.004948835913663053,True,Unknown (N=59.1k),0.43894764088172433,overrepresented
